{
    "texte_complet": {
        "texte": " Signe de juin. Signe de juin. Eh bien, c'est la même chose que j'ai vu le docteur Jones à propos de ça, c'est mon cœur. Non, pas du tout. C'est juste que je continue d'avoir ces situations où mon cœur commence vraiment à courir. Comme Boom. Boom, j'ai mal à la poitrine. Je ne peux pas reprendre mon souffle. Ça me fait me sentir drôle d'en parler. Alors mon cœur commence à courir. Je n'arrive pas à respirer, puis j'ai des douleurs thoraciques et j'ai très peur. Je vais avoir une crise cardiaque. Je vais bien. Oui, juste pour en parler. Je sens que ça commence à arriver. Oui, c'est exactement ça.",
        "indicateurs": [
            {
                "adj_rate": 0.024193548387096774,
                "adp_rate": 0.10483870967741936,
                "adv_rates": 0.12903225806451613,
                "conj_rate": 0.0,
                "det_rate": 0.08064516129032258,
                "noun_rate": 0.1532258064516129,
                "pron_rate": 0.18548387096774194,
                "verb_rate": 0.18548387096774194,
                "propn_rate": 0.024193548387096774,
                "verb_aux_rate": 0.058823529411764705,
                "verb_obj_rate": 0.4117647058823529,
                "verb_subj_rate": 0.5294117647058824,
                "sub_prop_rate": 0.17647058823529413,
                "repetition_cons_rate": 0,
                "verb_conj_rate": 0.5652173913043478,
                "verb_inf_rate": 0.43478260869565216,
                "total_words": 124,
                "mean_freq_words": 1.3125,
                "range_freq_words": 2,
                "std_freq_words": 0.582961190818051,
                "Brunet_index": 16.72676912214134,
                "Honore_statistic": 596.417553054044,
                "TTR": 0.16326530612244897,
                "anger_rate": 0.03225806451612903,
                "disgust_rate": 0.008064516129032258,
                "fear_rate": 0.03225806451612903,
                "joy_rate": 0.03225806451612903,
                "sadness_rate": 0.016129032258064516,
                "surprise_rate": 0.024193548387096774,
                "Score_AFINN": 0,
                "has_unit": {
                    "bien": 2,
                    "chose": 1,
                    "voir": 1,
                    "docteur": 1,
                    "cœur": 3,
                    "non": 1,
                    "pas": 3,
                    "tout": 1,
                    "continuer": 1,
                    "situation": 1,
                    "où": 1,
                    "commencer": 3,
                    "courir": 2,
                    "comme": 1,
                    "mal": 1,
                    "poitrine": 1,
                    "reprendre": 1,
                    "sentir": 2,
                    "drôle": 1,
                    "parler": 2,
                    "arriver": 2,
                    "douleur": 1,
                    "très": 1,
                    "peur": 1,
                    "crise": 1,
                    "oui": 2
                },
                "ratio_unit": {
                    "bien": 0.016260162601626018,
                    "chose": 0.008130081300813009,
                    "voir": 0.008130081300813009,
                    "docteur": 0.008130081300813009,
                    "cœur": 0.024390243902439025,
                    "non": 0.008130081300813009,
                    "pas": 0.024390243902439025,
                    "tout": 0.008130081300813009,
                    "continuer": 0.008130081300813009,
                    "situation": 0.008130081300813009,
                    "où": 0.008130081300813009,
                    "commencer": 0.024390243902439025,
                    "courir": 0.016260162601626018,
                    "comme": 0.008130081300813009,
                    "mal": 0.008130081300813009,
                    "poitrine": 0.008130081300813009,
                    "reprendre": 0.008130081300813009,
                    "sentir": 0.016260162601626018,
                    "drôle": 0.008130081300813009,
                    "parler": 0.016260162601626018,
                    "arriver": 0.016260162601626018,
                    "douleur": 0.008130081300813009,
                    "très": 0.008130081300813009,
                    "peur": 0.008130081300813009,
                    "crise": 0.008130081300813009,
                    "oui": 0.016260162601626018
                },
                "unique_concept_density": 0.21138211382113822,
                "unique_concept_efficiency": 6.5,
                "total_concept_density": 0.3089430894308943,
                "total_concept_efficiency": 9.5
            }
        ],
        "phrases": [
            "Signe de juin.",
            "Signe de juin.",
            "Eh bien, c'est la même chose que j'ai vu le docteur Jones à propos de ça, c'est mon cœur.",
            "Non, pas du tout.",
            "C'est juste que je continue d'avoir ces situations où mon cœur commence vraiment à courir.",
            "Comme Boom.",
            "Boom, j'ai mal à la poitrine.",
            "Je ne peux pas reprendre mon souffle.",
            "Ça me fait me sentir drôle d'en parler.",
            "Alors mon cœur commence à courir.",
            "Je n'arrive pas à respirer, puis j'ai des douleurs thoraciques et j'ai très peur.",
            "Je vais avoir une crise cardiaque.",
            "Je vais bien.",
            "Oui, juste pour en parler.",
            "Je sens que ça commence à arriver.",
            "Oui, c'est exactement ça."
        ]
    }
}