{
    "adj_rate": 0.040749796251018745,
    "adp_rate": 0.10187449062754686,
    "adv_rates": 0.13447432762836187,
    "conj_rate": 0.0,
    "det_rate": 0.06438467807660962,
    "noun_rate": 0.1198044009779951,
    "pron_rate": 0.20211898940505296,
    "verb_rate": 0.18092909535452323,
    "propn_rate": 0.004889975550122249,
    "verb_aux_rate": 0.1794871794871795,
    "verb_obj_rate": 0.39316239316239315,
    "verb_subj_rate": 0.5555555555555556,
    "sub_prop_rate": 0.46153846153846156,
    "repetition_cons_rate": 26,
    "verb_conj_rate": 0.6891891891891891,
    "verb_inf_rate": 0.3108108108108108,
    "total_words": 1227,
    "mean_freq_words": 1.894736842105263,
    "range_freq_words": 18,
    "std_freq_words": 2.0954315887635446,
    "Brunet_index": 20.121704766287237,
    "Honore_statistic": 805.6288431474544,
    "TTR": 0.100355871886121,
    "anger_rate": 0.021189894050529748,
    "disgust_rate": 0.008964955175224124,
    "fear_rate": 0.03015484922575387,
    "joy_rate": 0.011409942950285249,
    "sadness_rate": 0.017929910350448247,
    "surprise_rate": 0.022004889975550123,
    "Score_AFINN": 8,
    "has_unit": {
        "bien": 8,
        "chose": 6,
        "voir": 4,
        "docteur": 7,
        "c\u0153ur": 12,
        "non": 7,
        "pas": 26,
        "tout": 9,
        "continuer": 3,
        "situation": 4,
        "o\u00f9": 3,
        "commencer": 18,
        "courir": 9,
        "comme": 7,
        "mal": 2,
        "poitrine": 2,
        "reprendre": 2,
        "sentir": 7,
        "dr\u00f4le": 3,
        "parler": 5,
        "arriver": 8,
        "douleur": 3,
        "tr\u00e8s": 7,
        "peur": 4,
        "crise": 5,
        "oui": 22,
        "environ": 1,
        "mois": 1,
        "fondamentalement": 1,
        "croire": 2,
        "probl\u00e8me": 3,
        "travail": 6,
        "habitude": 1,
        "gros": 3,
        "entrer": 2,
        "ville": 3,
        "cong\u00e9": 1,
        "chaud": 2,
        "journ\u00e9e": 1,
        "air": 1,
        "bout": 1,
        "horrible": 1,
        "r\u00e9ussir": 1,
        "sortir": 3,
        "fait": 5,
        "quitter": 1,
        "chercher": 1,
        "affreux": 1,
        "effrayant": 2,
        "an": 1,
        "passer": 1,
        "donc": 6,
        "\u00e9viter": 1,
        "sans": 1,
        "devoir": 4,
        "rien": 3,
        "mettre": 3,
        "sou": 2,
        "pression": 3,
        "beaucoup": 4,
        "quoi": 1,
        "moment": 1,
        "truc": 1,
        "personnel": 2,
        "impression": 1,
        "honn\u00eate": 3,
        "gentil": 1,
        "vie": 1,
        "vouloir": 4,
        "pub": 3,
        "promettre": 2,
        "arr\u00eater": 2,
        "baignoire": 1,
        "canap\u00e9": 1,
        "reproduire": 1,
        "inquiet": 1,
        "embarrassant": 1,
        "monde": 1,
        "fin": 1,
        "attache": 1,
        "bleu": 1,
        "souffrir": 1,
        "avant": 1,
        "nouveau": 2,
        "travailler": 1,
        "banque": 1,
        "syst\u00e8me": 1,
        "risquer": 1,
        "bon": 3,
        "soulager": 1,
        "p\u00e8re": 1,
        "mourir": 1,
        "accord": 1,
        "satisfait": 1,
        "c\u00f4t\u00e9": 1,
        "changer": 1,
        "toujours": 3,
        "aide": 1,
        "mauvais": 1,
        "expert": 1,
        "recevoir": 1,
        "sympt\u00f4me": 1,
        "comprendre": 2,
        "peut-\u00eatre": 1,
        "panique": 1,
        "discuter": 1,
        "sonner": 1,
        "cerveau": 1,
        "vrai": 2,
        "souvenir": 1,
        "battre": 1,
        "fuir": 1,
        "s\u00fbr": 2,
        "rapide": 1,
        "porter": 1,
        "logique": 1,
        "aimer": 1,
        "marcher": 1,
        "sens": 1,
        "oh": 1,
        "prendre": 1,
        "rendez-vous": 1
    },
    "ratio_unit": {
        "bien": 0.0065252854812398045,
        "chose": 0.004893964110929853,
        "voir": 0.0032626427406199023,
        "docteur": 0.005709624796084829,
        "c\u0153ur": 0.009787928221859706,
        "non": 0.005709624796084829,
        "pas": 0.021207177814029365,
        "tout": 0.00734094616639478,
        "continuer": 0.0024469820554649264,
        "situation": 0.0032626427406199023,
        "o\u00f9": 0.0024469820554649264,
        "commencer": 0.01468189233278956,
        "courir": 0.00734094616639478,
        "comme": 0.005709624796084829,
        "mal": 0.0016313213703099511,
        "poitrine": 0.0016313213703099511,
        "reprendre": 0.0016313213703099511,
        "sentir": 0.005709624796084829,
        "dr\u00f4le": 0.0024469820554649264,
        "parler": 0.004078303425774877,
        "arriver": 0.0065252854812398045,
        "douleur": 0.0024469820554649264,
        "tr\u00e8s": 0.005709624796084829,
        "peur": 0.0032626427406199023,
        "crise": 0.004078303425774877,
        "oui": 0.01794453507340946,
        "environ": 0.0008156606851549756,
        "mois": 0.0008156606851549756,
        "fondamentalement": 0.0008156606851549756,
        "croire": 0.0016313213703099511,
        "probl\u00e8me": 0.0024469820554649264,
        "travail": 0.004893964110929853,
        "habitude": 0.0008156606851549756,
        "gros": 0.0024469820554649264,
        "entrer": 0.0016313213703099511,
        "ville": 0.0024469820554649264,
        "cong\u00e9": 0.0008156606851549756,
        "chaud": 0.0016313213703099511,
        "journ\u00e9e": 0.0008156606851549756,
        "air": 0.0008156606851549756,
        "bout": 0.0008156606851549756,
        "horrible": 0.0008156606851549756,
        "r\u00e9ussir": 0.0008156606851549756,
        "sortir": 0.0024469820554649264,
        "fait": 0.004078303425774877,
        "quitter": 0.0008156606851549756,
        "chercher": 0.0008156606851549756,
        "affreux": 0.0008156606851549756,
        "effrayant": 0.0016313213703099511,
        "an": 0.0008156606851549756,
        "passer": 0.0008156606851549756,
        "donc": 0.004893964110929853,
        "\u00e9viter": 0.0008156606851549756,
        "sans": 0.0008156606851549756,
        "devoir": 0.0032626427406199023,
        "rien": 0.0024469820554649264,
        "mettre": 0.0024469820554649264,
        "sou": 0.0016313213703099511,
        "pression": 0.0024469820554649264,
        "beaucoup": 0.0032626427406199023,
        "quoi": 0.0008156606851549756,
        "moment": 0.0008156606851549756,
        "truc": 0.0008156606851549756,
        "personnel": 0.0016313213703099511,
        "impression": 0.0008156606851549756,
        "honn\u00eate": 0.0024469820554649264,
        "gentil": 0.0008156606851549756,
        "vie": 0.0008156606851549756,
        "vouloir": 0.0032626427406199023,
        "pub": 0.0024469820554649264,
        "promettre": 0.0016313213703099511,
        "arr\u00eater": 0.0016313213703099511,
        "baignoire": 0.0008156606851549756,
        "canap\u00e9": 0.0008156606851549756,
        "reproduire": 0.0008156606851549756,
        "inquiet": 0.0008156606851549756,
        "embarrassant": 0.0008156606851549756,
        "monde": 0.0008156606851549756,
        "fin": 0.0008156606851549756,
        "attache": 0.0008156606851549756,
        "bleu": 0.0008156606851549756,
        "souffrir": 0.0008156606851549756,
        "avant": 0.0008156606851549756,
        "nouveau": 0.0016313213703099511,
        "travailler": 0.0008156606851549756,
        "banque": 0.0008156606851549756,
        "syst\u00e8me": 0.0008156606851549756,
        "risquer": 0.0008156606851549756,
        "bon": 0.0024469820554649264,
        "soulager": 0.0008156606851549756,
        "p\u00e8re": 0.0008156606851549756,
        "mourir": 0.0008156606851549756,
        "accord": 0.0008156606851549756,
        "satisfait": 0.0008156606851549756,
        "c\u00f4t\u00e9": 0.0008156606851549756,
        "changer": 0.0008156606851549756,
        "toujours": 0.0024469820554649264,
        "aide": 0.0008156606851549756,
        "mauvais": 0.0008156606851549756,