{
    "adj_rate": 0.012345679012345678,
    "adp_rate": 0.12345679012345678,
    "adv_rates": 0.09876543209876543,
    "conj_rate": 0.0,
    "det_rate": 0.09876543209876543,
    "noun_rate": 0.19753086419753085,
    "pron_rate": 0.16049382716049382,
    "verb_rate": 0.14814814814814814,
    "propn_rate": 0.037037037037037035,
    "verb_aux_rate": 0.09090909090909091,
    "verb_obj_rate": 0.36363636363636365,
    "verb_subj_rate": 0.45454545454545453,
    "sub_prop_rate": 0.18181818181818182,
    "repetition_cons_rate": 0,
    "verb_conj_rate": 0.5,
    "verb_inf_rate": 0.5,
    "total_words": 81,
    "mean_freq_words": 1.3181818181818181,
    "range_freq_words": 2,
    "std_freq_words": 0.5548434370788047,
    "Brunet_index": 15.402391145603081,
    "Honore_statistic": 547.6181072177866,
    "TTR": 0.16842105263157894,
    "anger_rate": 0.024691358024691357,
    "disgust_rate": 0.012345679012345678,
    "fear_rate": 0.024691358024691357,
    "joy_rate": 0.037037037037037035,
    "sadness_rate": 0.012345679012345678,
    "surprise_rate": 0.012345679012345678,
    "Score_AFINN": 5,
    "has_unit": {
        "bien": 1,
        "chose": 1,
        "voir": 1,
        "docteur": 1,
        "c\u0153ur": 3,
        "non": 1,
        "pas": 2,
        "tout": 1,
        "continuer": 1,
        "situation": 1,
        "o\u00f9": 1,
        "commencer": 2,
        "courir": 2,
        "comme": 1,
        "mal": 1,
        "poitrine": 1,
        "reprendre": 1,
        "sentir": 1,
        "dr\u00f4le": 1,
        "parler": 1
    },
    "ratio_unit": {
        "bien": 0.0125,
        "chose": 0.0125,
        "voir": 0.0125,
        "docteur": 0.0125,
        "c\u0153ur": 0.0375,
        "non": 0.0125,
        "pas": 0.025,
        "tout": 0.0125,
        "continuer": 0.0125,
        "situation": 0.0125,
        "o\u00f9": 0.0125,
        "commencer": 0.025,
        "courir": 0.025,
        "comme": 0.0125,
        "mal": 0.0125,
        "poitrine": 0.0125,
        "reprendre": 0.0125,
        "sentir": 0.0125,
        "dr\u00f4le": 0.0125,
        "parler": 0.0125
    },
    "unique_concept_density": 0.25,
    "unique_concept_efficiency": 4.0,
    "total_concept_density": 0.3125,
    "total_concept_efficiency": 5.0
}