{
    "adj_rate": 0.05181818181818182,
    "adp_rate": 0.11,
    "adv_rates": 0.12272727272727273,
    "conj_rate": 0.0,
    "det_rate": 0.06272727272727273,
    "noun_rate": 0.11181818181818182,
    "pron_rate": 0.19818181818181818,
    "verb_rate": 0.1709090909090909,
    "propn_rate": 0.015454545454545455,
    "verb_aux_rate": 0.24242424242424243,
    "verb_obj_rate": 0.41414141414141414,
    "verb_subj_rate": 0.5252525252525253,
    "sub_prop_rate": 0.3939393939393939,
    "repetition_cons_rate": 21,
    "verb_conj_rate": 0.6808510638297872,
    "verb_inf_rate": 0.3191489361702128,
    "total_words": 1100,
    "mean_freq_words": 1.6923076923076923,
    "range_freq_words": 16,
    "std_freq_words": 1.7490487693695496,
    "Brunet_index": 19.241086298100196,
    "Honore_statistic": 809.6066539706657,
    "TTR": 0.11881977671451356,
    "anger_rate": 0.02,
    "disgust_rate": 0.00909090909090909,
    "fear_rate": 0.03,
    "joy_rate": 0.00909090909090909,
    "sadness_rate": 0.01818181818181818,
    "surprise_rate": 0.02181818181818182,
    "Score_AFINN": 8,
    "has_unit": {
        "ACTEURS": {},
        "OBJETS": {
            "signe": 1,
            "juin": 1,
            "chose": 5,
            "docteur": 6,
            "propos": 2,
            "c\u0153ur": 9,
            "situation": 3,
            "boom": 2,
            "poitrine": 1,
            "souffle": 3,
            "dr\u00f4le": 2,
            "douleur": 2,
            "peur": 3,
            "crise": 4,
            "mois": 1,
            "probl\u00e8me": 3,
            "travail": 6,
            "stress": 1,
            "habitude": 1,
            "ville": 3,
            "jour": 1,
            "cong\u00e9": 1,
            "journ\u00e9e": 1,
            "air": 1,
            "bout": 1,
            "mari": 4,
            "an": 1,
            "fois": 1,
            "sou": 2,
            "pression": 3,
            "exercice": 1,
            "moment": 1,
            "truc": 1,
            "impression": 1,
            "vie": 1,
            "pub": 3,
            "semaine": 2,
            "baignoire": 1,
            "canap\u00e9": 1,
            "monde": 1,
            "fin": 1,
            "bleu": 1,
            "banque": 1,
            "syst\u00e8me": 1,
            "sorte": 2,
            "famille": 1,
            "p\u00e8re": 1,
            "accord": 1,
            "c\u00f4t\u00e9": 1,
            "besoin": 1,
            "aide": 1,
            "expert": 1,
            "sympt\u00f4me": 1,
            "amie": 1,
            "cerveau": 1,
            "coeur": 1,
            "sens": 1,
            "rendez-vous": 1,
            "merci": 1
        },
        "LIEUX": {
            "affreux": 1,
            "si": 2
        },
        "ACTIONS": {
            "voir": 3,
            "continuer": 2,
            "commencer": 15,
            "courir": 7,
            "pouvoir": 15,
            "reprendre": 1,
            "faire": 7,
            "sentir": 5,
            "parler": 3,
            "arriver": 6,
            "respirer": 2,
            "aller": 9,
            "penser": 10,
            "croire": 2,
            "ressentir": 2,
            "essayer": 2,
            "entrer": 2,
            "r\u00e9ussir": 1,
            "asseoir": 2,
            "appeler": 1,
            "sortir": 3,
            "fait": 5,
            "quitter": 1,
            "venir": 1,
            "chercher": 1,
            "passer": 1,
            "savoir": 5,
            "\u00e9viter": 1,
            "devenir": 4,
            "devoir": 4,
            "emmener": 1,
            "mettre": 3,
            "taire": 1,
            "affecter": 2,
            "arr\u00eater": 2,
            "vouloir": 3,
            "luire": 1,
            "promettre": 1,
            "reproduire": 1,
            "embarrasser": 1,
            "dire": 5,
            "attache": 1,
            "sembler": 1,
            "souffrir": 1,
            "travailler": 1,
            "risquer": 1,
            "soulager": 1,
            "mourir": 1,
            "changer": 1,
            "recevoir": 1,
            "aggraver": 1,
            "comprendre": 2,
            "r\u00e9fl\u00e9chir": 1,
            "discuter": 1,
            "entendre": 1,
            "souvenir": 1,
            "battre": 1,
            "fuir": 1,
            "surveiller": 1,
            "inqui\u00e9ter": 1,
            "porter": 1,
            "aimer": 1,
            "marcher": 1,
            "prendre": 1
        }
    },
    "ratio_unit": {
        "signe": 0.0009090909090909091,
        "juin": 0.0009090909090909091,
        "chose": 0.004545454545454545,
        "docteur": 0.005454545454545455,
        "propos": 0.0018181818181818182,
        "c\u0153ur": 0.008181818181818182,
        "situation": 0.0027272727272727275,
        "boom": 0.0018181818181818182,
        "poitrine": 0.0009090909090909091,
        "souffle": 0.0027272727272727275,
        "dr\u00f4le": 0.0018181818181818182,
        "douleur": 0.0018181818181818182,
        "peur": 0.0027272727272727275,
        "crise": 0.0036363636363636364,
        "mois": 0.0009090909090909091,
        "probl\u00e8me": 0.0027272727272727275,
        "travail": 0.005454545454545455,
        "stress": 0.0009090909090909091,
        "habitude": 0.0009090909090909091,
        "ville": 0.0027272727272727275,
        "jour": 0.0009090909090909091,
        "cong\u00e9": 0.0009090909090909091,
        "journ\u00e9e": 0.0009090909090909091,
        "air": 0.0009090909090909091,
        "bout": 0.0009090909090909091,
        "mari": 0.0036363636363636364,
        "an": 0.0009090909090909091,
        "fois": 0.0009090909090909091,
        "sou": 0.0018181818181818182,
        "pression": 0.0027272727272727275,
        "exercice": 0.0009090909090909091,
        "moment": 0.0009090909090909091,
        "truc": 0.0009090909090909091,
        "impression": 0.0009090909090909091,
        "vie": 0.0009090909090909091,
        "pub": 0.0027272727272727275,
        "semaine": 0.0018181818181818182,
        "baignoire": 0.0009090909090909091,
        "canap\u00e9": 0.0009090909090909091,
        "monde": 0.0009090909090909091,
        "fin": 0.0009090909090909091,
        "bleu": 0.0009090909090909091,
        "banque": 0.0009090909090909091,
        "syst\u00e8me": 0.0009090909090909091,
        "sorte": 0.0018181818181818182,
        "famille": 0.0009090909090909091,
        "p\u00e8re": 0.0009090909090909091,
        "accord": 0.0009090909090909091,
        "c\u00f4t\u00e9": 0.0009090909090909091,
        "besoin": 0.0009090909090909091,
        "aide": 0.0009090909090909091,
        "expert": 0.0009090909090909091,
        "sympt\u00f4me": 0.0009090909090909091,
        "amie": 0.0009090909090909091,
        "cerveau": 0.0009090909090909091,
        "coeur": 0.0009090909090909091,
        "sens": 0.0009090909090909091,
        "rendez-vous": 0.0009090909090909091,
        "merci": 0.0009090909090909091,
        "affreux": 0.0009090909090909091,
        "si": 0.0018181818181818182,
        "voir": 0.0027272727272727275,
        "continuer": 0.0018181818181818182,
        "commencer": 0.013636363636363636,
        "courir": 0.006363636363636364,
        "pouvoir": 0.013636363636363636,
        "reprendre": 0.0009090909090909091,
        "faire": 0.006363636363636364,
        "sentir": 0.004545454545454545,
        "parler": 0.0027272727272727275,
        "arriver": 0.005454545454545455,
        "respirer": 0.0018181818181818182,
        "aller": 0.008181818181818182,
        "penser": 0.00909090909090909,
        "croire": 0.0018181818181818182,
        "ressentir": 0.0018181818181818182,
        "essayer": 0.0018181818181818182,
        "entrer": 0.0018181818181818182,
        "r\u00e9ussir": 0.0009090909090909091,
        "asseoir": 0.0018181818181818182,
        "appeler": 0.0009090909090909091,
        "sortir": 0.0027272727272727275,
        "fait": 0.004545454545454545,
        "quitter": 0.0009090909090909091,
        "venir": 0.0009090909090909091,